{
  "purged_mean_auc": 0.5562751206701798,
  "purged_std_auc": 0.002410398751848658,
  "fold_aucs": [
    0.5570954076975898,
    0.556915427437505,
    0.5515600450649936,
    0.5574335955031228,
    0.5583711276476881
  ],
  "holdout_auc": 0.6640826873385013,
  "holdout_brier": 0.1662193193160023,
  "yz_overnight_rank": 5,
  "structural_in_top10": 2,
  "decision": "SHELVE"
}